URL,Page Title,Meta Description,H1,All Headings,Page Type,Main Content,CTAs/Buttons,Internal Links,External Links,Word Count,Gemini Summary,Generated Q&A,Scrape Status
https://www.pierrepierrelaw.com/areas-of-practice/federal-court-appeals,"Federal Court Appeals &#8211; Pierre Pierre Law, P.C.",,Federal Court Appeals,"H3: Primary menu
H1: Federal Court Appeals
H2: Should I have my case evaluated for Appeal to Federal Court?
H2: YES YES AND YES AGAIN!
H2: Have You Been Denied Social Security Disability Benefits?
H2: Have You Already Seen A Judge And Been Denied By The Appeals Council?
H2: What Do I Need To Have My Alj Denial Evaluated For Appeal?
H2: How Can I Obtain A Copy Of My Social Security File And Alj Decision?
H2: Do I Need A Lawyer In Federal Court?
H2: What If My Sixty Days To Appeal In Federal Court Is Almost Expired?
H2: The Federal District Court Process
H3: Filing the Appeal & Litigation
H3: The Federal Court Judge’s Decision
H2: What happens if my case is Remanded or sent back to Social Security for a re-hearing?
H2: Can I re-apply for Social Security Disability or SSI benefits?
H2: Practice Areas
H2: Contact
H3: NEW YORK OFFICE
H3: ILLINOIS
H3: FLORIDA OFFICES
H3: CALIFORNIA OFFICE
H3: CONTACT",content page,"Federal Court Appeals &#8211; Pierre Pierre Law, P.C. Email Phone Menu Home &raquo; Areas of Practice &raquo; Federal Court Appeals Should I have my case evaluated for Appeal to Federal Court? Have You Been Denied Social Security Disability Benefits? Have You Already Seen A Judge And Been Denied By The Appeals Council? What Do I Need To Have My Alj Denial Evaluated For Appeal? How Can I Obtain A Copy Of My Social Security File And Alj Decision? Do I Need A Lawyer In Federal Court? What If My Sixty Days To Appeal In Federal Court Is Almost Expired? The Federal District Court Process What happens if my case is Remanded or sent back to Social Security for a re-hearing? Can I re-apply for Social Security Disability or SSI benefits? If your Social Security Disability benefits claim has been denied through all of the available levels of appeals within the Social Security Administration, you can appeal your claim to a Federal District Court. The Appeals Council is the final level of review within the Social Security Administration. After you are denied by an administrative law judge, also known as an ALJ, you must appeal to the Appeals Council before you can go to federal court. After you have been denied by the Appeals Council, your next level of appeal is to the federal district court. The denial notice you received has the title of, “NOTICE OF APPEALS COUNCIL ACTION”. Click here to see a sample copy . Once the Appeals Council denies your claim, that is, they affirm the decision of the social security administrative law judge that you are not disabled, you then have sixty (60) days to appeal your claim to federal court. Do not miss this deadline because if you do, you will lose years of back due benefits, even if you file a new application. Back to Top Should I have my case evaluated for Appeal to Federal Court? YES YES AND YES AGAIN! If your case has been denied in the past sixty (60) days, contact us for a free evaluation. If we take your case to court, you have a good chance of winning according to Social Security’s published statistics on appeals. Consider that in year 2019, there were 144,193 appeals of administrative law judge denials to the Appeals Council. Of those 144,193 cases, the Appeals Council only granted 14% of those cases a re-review of the judge’s decision. That’s a very low number of cases that were successful on appeal. Now let’s compare that to the federal courts. The federal courts review all ALJ denials if claimants appeal timely in court. In year 2019, there were 17,192 appeals filed in federal district court. Over 57% of those appeals were decided in favor of the claimant!. That’s an incredibly high number of favorable outcomes for claimants, and strongly suggests that you should have your case reviewed for federal court appeal by an experienced federal court social security disability attorney. Pierre Pierre law, P.C., and its staff collectively have fifty years of experience handling disability appeals before the SSA, and over twenty years of disability appeals in the federal district courts. Call us now at (646) 992-8383 for a case evaluation or click here to fill out our webform . Click the button below or call us at (646) 992-8383 for a FREE Case Evaluation. Hablamos Español. FREE Case Evaluation Back to Top Have You Been Denied Social Security Disability Benefits? If your application for disability benefits or SSI has been denied at any stage of the process, Call us for an immediate evaluation or fill out a short questionnaire for a free case evaluation. You only have sixty (60) days to appeal your denial and should not wait! Appeal now to protect your rights or call us (or should this say contact us for webform link?) for help before it is too late. If you have filed your claim and are pending a decision, we can still assist. The government’s own statistics prove that having representation early in the disability process increases the likelihood of success. Don’t wait to be denied, call now to discuss your case and representation. Back to Top Have You Already Seen A Judge And Been Denied By The Appeals Council? If you filed your disability application and have been denied at all previous stages of the Social Security Disability appeal process, that means you filed your application and received an initial denial, were denied after seeing a judge, you appealed that denial and were denied within the past sixty (60) days by the Appeals Council. Usually the denial has the title, “NOTICE OF APPEALS COUNCIL ACTION”. Click here to see a sample copy . Your NOTICE OF APPEALS COUNCIL ACTION states that you have SIXTY (60) days to file an appeal in civil court for review of the Administrative Law Judge’s decision. You must file a complaint in the United States District Court for the judicial district in which you live. CONTACT US ASAP TO EVALUATE YOUR CLAIM! We specialize in Social Security Disability and SSI appeals at all levels of the adjudication process, including federal court , where you must file a civil action to appeal your most recent denial of benefits by the Appeals Council. Back to Top What Do I Need To Have My Alj Denial Evaluated For Appeal? In order to evaluate your claim for appeal to federal court, we must obtain for review: A copy of the administrative law judge’s denial that you received after seeing the judge, A copy of your social security file, A copy of the Notice of Appeals Council Action denying your claim. The Notice must be dated within the past sixty (60) days to allow for a timely appeal. Back to Top How Can I Obtain A Copy Of My Social Security File And Alj Decision? If you were represented at your hearing before an ALJ, your representative has a copy of your social security file and the judge’s decision and must provide them to you upon request. Call us and we can assist you in obtaining a copy of your file from that previous representative. We can sometimes have your representative send us your file via the internet for a faster case evaluation. If you were not represented at your hearing and do not already have a copy of your social security file, you can obtain a copy from the office where you appeared before the ALJ for a hearing. If you have a copy of your social security file and the administrative law judge’s decision denying your claim for benefits, we can review your claim right now. Call us at (646) 992-8383 or click here to have your claim evaluated . Back to Top Do I Need A Lawyer In Federal Court? Within 60 days of receiving the Notice of Appeals Action denying your disability claim, you must file your appeal in civil court in the judicial district in which you live. You may file your appeal on your own and go through the appeals process without a lawyer. However, we strongly advise against representing yourself in federal court. It is a complicated and confusing process and you are already disabled. We recommend you hire a lawyer and make sure that lawyer specializes in disability appeals in federal court. Pierre Pierre Law, P.C. has many years of experience successfully representing claimants in federal district courts throughout the country. Call us to discuss competent representation. There is an old saying that should help you decide whether to hire an attorney to assist you or whether to represent yourself in court. The saying goes as follows: “A lawyer who represents himself has a fool for a client.” It basically means that representing yourself in court usually doesn’t end well. While everyone is entitled to pursue appeals in the courts without an attorney, we at Pierre Pierre Law, P.C. recommend all claimants hire competent representation in the courts. We have been suing and fighting the Social Security Administration in the federal courts for over twenty years with positive results. Back to Top What If My Sixty Days To Appeal In Federal Court Is Almost Expired? If your time to file in federal court is about to expire, CALL US NOW! The key is to make sure your case is filed timely! Every federal court has a clerk’s office. In the clerk’s office there is a window for claimants who want to appeal their disability claim without a lawyer. This is known as the pro se window, or pro se clerk. Pro se is pronounced “pro –say.” The pro se clerk will provide you with the required forms and instructions to file the appeal of your disability claim but will not provide you with legal advice. However, you can successfully get your claim filed without an attorney. Back to Top The Federal District Court Process Filing the Appeal & Litigation To begin the appeal process in federal court, a formal complaint is filed in the district court that details why we are suing the Social Security Administration for denying your claim for Social Security Disability benefits. The government’s lawyer will respond with an Answer denying most of the allegations that your claim was wrongfully denied. Later in the process, our lawyers will present arguments to the federal judge that demonstrate the legal error(s) committed by the ALJ who denied your claim for disability benefits. The government’s lawyers will argue that the ALJ’s decision is supported by the law and that you are not disabled. These arguments are usually in writing and sometimes orally before the federal judge. You will not be required to provide testimony at the federal court stage or make any court appearances. You also do not need to provide additional evidence because the court will not allow any new evidence at this level of appeal. The federal judge will evaluate the ALJ’s decision that denied your claim and determine whether it is supported by the evidence already contained in the record. The judge will not decide whether the ALJ should have found you disabled, but instead whether the ALJ correctly applied the law in determining that you are not disabled. The Federal Court Judge’s Decision The federal court judge will issue a decision that will either: Send your case back to the Social Security Administration and Order the agency to give you a re-hearing on your claim for disability benefits. This is called a “remand” and is considered a successful outcome in federal court. In 2019, the federal courts remanded over 57% of the cases filed by disability claimants. That means that if Pierre Pierre Law, P.C. agrees to take your case, you have a good chance of success in federal court. However, remember that this does not mean you will definitely win your case, but a 57% rate of remand in the courts is significant. Contact us now for an evaluation . The federal court judge can also reverse the ALJ’s decision for calculation of benefits. This means that the federal court will decide that you are disabled and that there is no need for further hearings or proceedings and Order the Social Security Administration to pay you disability benefits. This occurs in a small percentage of cases and is an outcome we will request when we argue your case. It is the most favorable outcome for you on appeal. The court can also decide that the ALJ’s decision finding you not disabled is legally correct. This is a loss for you. You will have sixty (60) days to to appeal this court decision to the next level of appeal known as the Circuit court appeal. Back to Top What happens if my case is Remanded or sent back to Social Security for a re-hearing? If the federal court sends your case back to the Social Security Administration for a re-hearing, our office will continue to represent you at that hearing. Upon receiving the federal court judge’s decision that remands your case, we will immediately begin working on developing your case again for rehearing. We will advise you of the period of disability under review at your re-hearing and work together with you to gather additional evidence to prove your case at the re-hearing. Back to Top Can I re-apply for Social Security Disability or SSI benefits? Whether you can re-apply for benefits depends on a variety of factors. For example, if you originally applied for SSI and were determined to meet the financial requirements, you should be able to reapply for SSI. Additionally, even if you never applied for SSI in the past, but you meet certain financial criteria, you will be able to file an application for SSI. Call us here for an evaluation of whether you can reapply for SSI or click here to fill out our evaluation form. Whether you can apply for Social Security Disability depends on your insured status which is a complicated issue. Call us to file a new Social Security Disability application or click here to fill out our evaluation form. Scroll Up AC Denial Sample &times;","Menu
&times;
FREE Case Evaluation
Find Us on Google
Contact Us
contact us
CONTACT US ASAP TO EVALUATE YOUR CLAIM!
Contact us now for an evaluation
Search","https://www.pierrepierrelaw.com/
https://www.pierrepierrelaw.com/areas-of-practice/
https://www.pierrepierrelaw.com/areas-of-practice/federal-court-appeals/
https://www.pierrepierrelaw.com/areas-of-practice/social-security-disability-supplemental-security-income/
https://www.pierrepierrelaw.com/free-ssdi-ssi-federal-court-appeal-evaluation/
https://www.pierrepierrelaw.com/free-ssdi-ssi-evaluation/
https://www.pierrepierrelaw.com/florida/
https://www.pierrepierrelaw.com/new-york/
https://www.pierrepierrelaw.com/illinois/
https://www.pierrepierrelaw.com/california/","https://maps.app.goo.gl/JDLV9fkPpLS4VFNT8
https://www.google.com/maps/place/American+Disability+Advocates,+Inc./@38.6364394,-121.5009136,17z/data=!3m1!4b1!4m5!3m4!1s0x0:0x17f7e35ad67f60ec!8m2!3d38.6364394!4d-121.4987249?authuser=5
https://catchthemes.com/",2188,,,OK
https://www.pierrepierrelaw.com,"Pierre Pierre Law, P.C. &#8211; We do it better!",,Home,"H3: Primary menu
H2: Federal Court Appeals
H2: Social Security Disability / Supplemental Security Income
H2: FREE Case Evaluation!
H2: Practice Areas
H2: Federal Court Appeals
H2: Social Security Disability / Supplemental Security Income
H2: Twenty (20) years of experience litigating disability cases throughout the United States
H1: Home
H3: NEW YORK OFFICE
H3: ILLINOIS
H3: FLORIDA OFFICES
H3: CALIFORNIA OFFICE
H3: CONTACT",content page,"Pierre Pierre Law, P.C. &#8211; We do it better! Email Phone Menu article"" > If your Social Security Disability benefits claim has been denied through all of the available levels of appeals within the Social Security Administration, you can appeal your claim to a Federal District Court. Learn More ... There are more than 4 million people under retirement age who receive Social Security Disability because their impairment or health prevents them from working. To be eligible to receive Social Security Disability benefits you or a qualifying family member must be fully and currently insured under the Social Security program. Learn More ... Click the button below or call us at (646) 992-8383 for a FREE Case Evaluation. Hablamos Español. FREE Case Evaluation Call (646) 992-8383 Practice Areas Find out how we can help. Twenty (20) years of experience litigating disability cases throughout the United States AN EXPERIENCED SOCIAL SECURITY &#038; PERSONAL INJURY ATTORNEY A Proud Member Scroll Up AC Denial Sample &times;","Menu
&times;
Learn More ...
FREE Case Evaluation
Call (646) 992-8383
Find Us on Google
Contact Us
Search","https://www.pierrepierrelaw.com/
https://www.pierrepierrelaw.com/areas-of-practice/
https://www.pierrepierrelaw.com/areas-of-practice/federal-court-appeals/
https://www.pierrepierrelaw.com/areas-of-practice/social-security-disability-supplemental-security-income/
https://www.pierrepierrelaw.com/free-ssdi-ssi-federal-court-appeal-evaluation/
https://www.pierrepierrelaw.com/free-ssdi-ssi-evaluation/
https://www.pierrepierrelaw.com/florida/
https://www.pierrepierrelaw.com/new-york/
https://www.pierrepierrelaw.com/illinois/
https://www.pierrepierrelaw.com/california/
https://www.pierrepierrelaw.com/free-case-evaluation-home/","https://www.nosscr.org/
https://maps.app.goo.gl/JDLV9fkPpLS4VFNT8
https://www.google.com/maps/place/American+Disability+Advocates,+Inc./@38.6364394,-121.5009136,17z/data=!3m1!4b1!4m5!3m4!1s0x0:0x17f7e35ad67f60ec!8m2!3d38.6364394!4d-121.4987249?authuser=5
https://catchthemes.com/",163,,,OK
https://www.pierrepierrelaw.com/areas-of-practice,"Areas of Practice &#8211; Pierre Pierre Law, P.C.",,Areas of Practice,"H3: Primary menu
H1: Areas of Practice
H2: Practice Areas
H2: Contact
H3: NEW YORK OFFICE
H3: ILLINOIS
H3: FLORIDA OFFICES
H3: CALIFORNIA OFFICE
H3: CONTACT",content page,"Areas of Practice &#8211; Pierre Pierre Law, P.C. Email Phone Menu Home &raquo; Areas of Practice Federal Court Appeals Social Security Disability / Supplemental Security Income Personal Injury Scroll Up AC Denial Sample &times;","Menu
&times;
Find Us on Google
Contact Us
Search","https://www.pierrepierrelaw.com/
https://www.pierrepierrelaw.com/areas-of-practice/
https://www.pierrepierrelaw.com/areas-of-practice/federal-court-appeals/
https://www.pierrepierrelaw.com/areas-of-practice/social-security-disability-supplemental-security-income/
https://www.pierrepierrelaw.com/free-ssdi-ssi-federal-court-appeal-evaluation/
https://www.pierrepierrelaw.com/free-ssdi-ssi-evaluation/
https://www.pierrepierrelaw.com/florida/
https://www.pierrepierrelaw.com/new-york/
https://www.pierrepierrelaw.com/illinois/
https://www.pierrepierrelaw.com/california/
https://www.pierrepierrelaw.com/areas-of-practice/personal-injury/","https://maps.app.goo.gl/JDLV9fkPpLS4VFNT8
https://www.google.com/maps/place/American+Disability+Advocates,+Inc./@38.6364394,-121.5009136,17z/data=!3m1!4b1!4m5!3m4!1s0x0:0x17f7e35ad67f60ec!8m2!3d38.6364394!4d-121.4987249?authuser=5
https://catchthemes.com/",34,,,OK
https://www.pierrepierrelaw.com/areas-of-practice/social-security-disability-supplemental-security-income,"Social Security Disability / Supplemental Security Income &#8211; Pierre Pierre Law, P.C.",,Social Security Disability / Supplemental Security Income,"H3: Primary menu
H1: Social Security Disability / Supplemental Security Income
H2: What Is Social Security Disability Insurance (SSDI)?
H2: Social Security Disability Eligibility Requirements
H5: Adults
H5: For Adults Disabled Before Age 22 (also known as &#8211; Disabled Adult Child)
H2: What is Supplemental Security Income (SSI)?
H2: Process of Filing a Claim
H2: Why An Attorney?
H2: Practice Areas
H2: Contact
H3: NEW YORK OFFICE
H3: ILLINOIS
H3: FLORIDA OFFICES
H3: CALIFORNIA OFFICE
H3: CONTACT",content page,"Social Security Disability / Supplemental Security Income &#8211; Pierre Pierre Law, P.C. Email Phone Menu Home &raquo; Areas of Practice &raquo; Social Security Disability / Supplemental Security Income What Is Social Security Disability Insurance (SSDI)? Social Security Disability Eligibility Requirements What is Supplemental Security Income (SSI)? Process of Filing a Claim Why An Attorney? Back to Top What Is Social Security Disability Insurance (SSDI)? Social Security Disability Insurance, also known as SSDI or SSD, is insurance that provides income for individuals who have worked and paid Federal Insurance Contributions Act (FICA) taxes. The FICA tax is a United States payroll tax imposed by the federal government on both employees and employers to fund Social Security and Medicare. Social Security Disability benefits are payable to disabled workers, widows, widowers, children under age 18, or adults who have been disabled since childhood. SSDI also provides a variety of benefits to family members when a primary wage earner in the family becomes disabled or deceased. Back to Top Social Security Disability Eligibility Requirements There are more than 4 million people under retirement age who receive Social Security Disability because their impairment or health prevents them from working. To be eligible to receive Social Security Disability benefits you or a qualifying family member must be fully and currently insured under the Social Security program. It is a very complicated formula to understand, but it basically means that you must have worked and paid your FICA taxes to the government. Fully insured requires you to have worked at least several years after the age of 21; how manyyears depends on your age. To be currently insured you must have worked and paid your FICA taxes for approximately 5 of the last 10 years. Most employees who receive a W-2 from their employer are paying the required FICA taxes out of the overall taxes they pay to the federal government. Self-employed workers and certain professions do not automatically pay into Social Security. If you or a qualifying family member has paid the required amount of Social Security taxes, and a doctor who says you simply can’t work anymore as a result of your impairment(s) has treated you, you&#8217;re probably eligible for disability insurance benefits. Adults The Social Security Administration (SSA) definition of disability is different than other programs, including worker&#8217;s compensation or VA benefit programs. SSA only considers total disability from employment, not partial or short-term disability. Under the SSA&#8217;s rules, you may be considered disabled if you satisfy the following requirements: Your disability has lasted or is expected to last for at least 12 months (one year). If your disability is expected to result in death before the 12 month requirement is met, you will satisfy this requirement; Depending on your age, you are unable to do any of the jobs that you performed in the past 15 years, or, if you are a younger individual, you are unable to do any type of work, notwithstanding whether you have performed that type of work in the past; The medical evidence supporting your claim convinces the Social Security Administration that your impairment is severe enough under their rules to prevent you from working. If your case is at the initial application or reconsideration stages, an analyst will make that determination. If you are at the hearing or Appeals Council stages, an administrative law judge will decide your claim. For Adults Disabled Before Age 22 (also known as &#8211; Disabled Adult Child) An adult who is disabled before age 22 may be eligible for benefits if a parent is deceased or starts receiving retirement or disability benefits. This benefit is commonly referred to as Disabled Adult Child&#8217;s benefits (DAC). The Social Security Administration considers DAC an &#8220;adult child&#8217;s&#8221; benefit because it is paid on a parent&#8217;s Social Security earnings record. The &#8220;adult child&#8221;(including an adopted child, or, in some cases, a stepchild, grandchild, or step grandchild) must be unmarried, age 18 or older and have a disability that started before age 22. Back to Top What is Supplemental Security Income (SSI)? Supplemental Security Income (SSI) pays monthly cash benefits to people who are age 65 or older, those who are blind or those who have a disability and who do not own much or have a lot of income. The requirements for SSI disability are the same as with Social Security Disability, however, to qualify for SSI a financial need threshold must also be met. An individual may collect both Social Security Disability Insurance and SSI if they are insured and their Social Security Disability Insurance benefit amount is less than their state&#8217;s maximum SSI benefit. However, unlike Social Security disability, SSI does not require the claimant to have worked and paid taxes. An individual can collect SSI benefits if they meet the disability and financial need requirements. Back to Top Process of Filing a Claim The following are the stages of the claim process: Initial Application: When you initially file your application for Social Security disability and/or SSI, an analyst will review your claim and issue a determination. Most claims are denied at the initial level. You have 60 days to appeal to the next stage of the appeal process. Reconsideration: If your claim was denied or if the compensation does not meet your needs, you may appeal the decision. Reconsideration is a complete review of your claim by someone other than the person who made the original decision. The reconsideration stage is slowly being eliminated by the Social Security Administration, however, some states still have a reconsideration stage. If you live in a state that has reconsideration, your appeal from the initial denial is to the reconsideration stage of review. You must appeal any denial within the time frame allowed or you may lose a substantial amount of benefits. If you do not appeal timely, there are some exceptions that will allow your appeal to be accepted as late, but timely. Hearing before the Administrative Law Judge: If you are denied at reconsideration, or if your state does not have a reconsideration stage, your next level of appeal is to the hearing level. This appeal process is called a Request for Hearing. At the hearing stage, an Administrative Law Judge (ALJ) will provide you an opportunity to have a hearing at which you will appear in person with your representative to present your case. The Appeals Council: If your case is denied by the judge at the hearing stage, you must appeal to the Appeals Council (a review board within the Social Security Administration) which may issue its own decision, send the case back to the ALJ for another hearing or allow the ALJ&#8217;s decision to stand as the final decision of the Social Security Administration. Federal Court: If your appeal is denied by the Appeals Council, you can file a lawsuit in federal district court. Back to Top Why An Attorney? The process of applying for Social Security Disability benefits and appealing denied claims is complicated and the chances of success are far greater with the help of an experienced Social Security disability attorney. Retaining an experienced attorney can increase your chances of obtaining your disability benefits and help avoid denials based on technicalities or other common errors. Most individuals who apply to the Social Security Administration for Social Security Disability and/or Supplemental Security Income benefits are initially denied. Many qualified claimants are denied because they do not know how to get their disability claim approved and do not seek guidance from qualified Social Security disability attorneys or advocates. In fact, in year 2015, the Social Security Administration adjudicated over 1.4 million initial filings and only 32% of claimants were found disabled. To make matters worse, most claimants have to appear before an administrative law judge at the hearing stage and while a higher percentage of claimants are awarded benefits, award rates by administrative law judges remain low at about 48% nationally and the average wait time for a hearing is 24 months! Also, waiting to file may cause you to lose benefits and in some instances if you wait too long you won&#8217;t be able to file at all, so don’t wait! Even if you start the process without an attorney, you can hire one at any stage of the proceedings. At Pierre Pierre Law, you are guaranteed to be represented by an experienced Social Security Disability attorney, not a non-attorney representative who did not attend law school. After all, Social Security Disability is governed by a set of laws enacted by Congress, so you want a lawyer representing you against the government, not your neighbor, friend or a non-attorney representative. Pierre Pierre Law will work together with you to gather the required evidence, complete the necessary forms and argue your case before an administrative law judge at your hearing. Find out if you qualify now, and if you do, we will file your application and get the process started. We can represent you even if you have already filed your claim or been denied, if certain criteria are met. FREE Case Evaluation Call (646) 992-8383 Scroll Up AC Denial Sample &times;","Menu
&times;
FREE Case Evaluation
Call (646) 992-8383
Find Us on Google
Contact Us
Search","https://www.pierrepierrelaw.com/
https://www.pierrepierrelaw.com/areas-of-practice/
https://www.pierrepierrelaw.com/areas-of-practice/federal-court-appeals/
https://www.pierrepierrelaw.com/areas-of-practice/social-security-disability-supplemental-security-income/
https://www.pierrepierrelaw.com/free-ssdi-ssi-federal-court-appeal-evaluation/
https://www.pierrepierrelaw.com/free-ssdi-ssi-evaluation/
https://www.pierrepierrelaw.com/florida/
https://www.pierrepierrelaw.com/new-york/
https://www.pierrepierrelaw.com/illinois/
https://www.pierrepierrelaw.com/california/","https://www.nosscr.org/
https://maps.app.goo.gl/JDLV9fkPpLS4VFNT8
https://www.google.com/maps/place/American+Disability+Advocates,+Inc./@38.6364394,-121.5009136,17z/data=!3m1!4b1!4m5!3m4!1s0x0:0x17f7e35ad67f60ec!8m2!3d38.6364394!4d-121.4987249?authuser=5
https://catchthemes.com/",1519,,,OK
https://www.pierrepierrelaw.com/free-ssdi-ssi-federal-court-appeal-evaluation,"FREE SSDI / SSI Federal Court Appeal Evaluation &#8211; Pierre Pierre Law, P.C.",,FREE SSDI / SSI Federal Court Appeal Evaluation,"H3: Primary menu
H1: FREE SSDI / SSI Federal Court Appeal Evaluation
H2: Practice Areas
H2: Contact
H3: NEW YORK OFFICE
H3: ILLINOIS
H3: FLORIDA OFFICES
H3: CALIFORNIA OFFICE
H3: CONTACT",content page,"FREE SSDI / SSI Federal Court Appeal Evaluation &#8211; Pierre Pierre Law, P.C. Email Phone Menu Home &raquo; FREE SSDI / SSI Federal Court Appeal Evaluation Please fill out the form below (* = required): * First Name: * Last Name: Email: * Phone: * Street: * City: * State/Province: &#8211;Select State&#8211; AL AK AZ AR CA CO CT DE DC FL GA HI ID IL IN IA KS KY LA ME MD MA MI MN MS MO MT NE NV NH NJ NM NY NC ND OH OK OR PA RI SC SD TN TX UT VT VA WA WV WI WY * Zipcode: * Age Group: &#8211;Select Age Group&#8211; 17 & Under 18-22 23-44 45-49 50-54 55-59 60-64 65+ * Are you working?: Yes No * Are you currently collecting Social Security benefits?: Yes No Notice of Appeals Council Action Date: (Enter the date of your Appeals Council denial. Click here to see a sample copy ) Scroll Up AC Denial Sample &times;","Menu
&times;
Find Us on Google
Contact Us
Search","https://www.pierrepierrelaw.com/
https://www.pierrepierrelaw.com/areas-of-practice/
https://www.pierrepierrelaw.com/areas-of-practice/federal-court-appeals/
https://www.pierrepierrelaw.com/areas-of-practice/social-security-disability-supplemental-security-income/
https://www.pierrepierrelaw.com/free-ssdi-ssi-federal-court-appeal-evaluation/
https://www.pierrepierrelaw.com/free-ssdi-ssi-evaluation/
https://www.pierrepierrelaw.com/florida/
https://www.pierrepierrelaw.com/new-york/
https://www.pierrepierrelaw.com/illinois/
https://www.pierrepierrelaw.com/california/","https://maps.app.goo.gl/JDLV9fkPpLS4VFNT8
https://www.google.com/maps/place/American+Disability+Advocates,+Inc./@38.6364394,-121.5009136,17z/data=!3m1!4b1!4m5!3m4!1s0x0:0x17f7e35ad67f60ec!8m2!3d38.6364394!4d-121.4987249?authuser=5
https://catchthemes.com/",165,,,OK
https://www.pierrepierrelaw.com/free-ssdi-ssi-evaluation,"FREE Social Security Disability/SSI Evaluation &#8211; Pierre Pierre Law, P.C.",,FREE Social Security Disability/SSI Evaluation,"H3: Primary menu
H1: FREE Social Security Disability/SSI Evaluation
H2: Practice Areas
H2: Contact
H3: NEW YORK OFFICE
H3: ILLINOIS
H3: FLORIDA OFFICES
H3: CALIFORNIA OFFICE
H3: CONTACT",content page,"FREE Social Security Disability/SSI Evaluation &#8211; Pierre Pierre Law, P.C. Email Phone Menu Home &raquo; FREE Social Security Disability/SSI Evaluation Please fill out the form below (* = required): * First Name: * Last Name: Email: * Phone: * Street: * City: * State/Province: &#8211;Select State&#8211; AL AK AZ AR CA CO CT DE DC FL GA HI ID IL IN IA KS KY LA ME MD MA MI MN MS MO MT NE NV NH NJ NM NY NC ND OH OK OR PA RI SC SD TN TX UT VT VA WA WV WI WY * Zipcode: * Age Group: &#8211;Select Age Group&#8211; 17 & Under 18-22 23-44 45-49 50-54 55-59 60-64 65+ * Are you working?: Yes No * Have you applied for SSD benefits?: Yes No * Are you currently collecting Social Security benefits?: Yes No Date of last employment: * When did you become disabled?: * What&#8217;s your disability & how can we help?: Scroll Up AC Denial Sample &times;","Menu
&times;
Find Us on Google
Contact Us
Search","https://www.pierrepierrelaw.com/
https://www.pierrepierrelaw.com/areas-of-practice/
https://www.pierrepierrelaw.com/areas-of-practice/federal-court-appeals/
https://www.pierrepierrelaw.com/areas-of-practice/social-security-disability-supplemental-security-income/
https://www.pierrepierrelaw.com/free-ssdi-ssi-federal-court-appeal-evaluation/
https://www.pierrepierrelaw.com/free-ssdi-ssi-evaluation/
https://www.pierrepierrelaw.com/florida/
https://www.pierrepierrelaw.com/new-york/
https://www.pierrepierrelaw.com/illinois/
https://www.pierrepierrelaw.com/california/","https://maps.app.goo.gl/JDLV9fkPpLS4VFNT8
https://www.google.com/maps/place/American+Disability+Advocates,+Inc./@38.6364394,-121.5009136,17z/data=!3m1!4b1!4m5!3m4!1s0x0:0x17f7e35ad67f60ec!8m2!3d38.6364394!4d-121.4987249?authuser=5
https://catchthemes.com/",165,,,OK
https://www.pierrepierrelaw.com/florida,"Florida &#8211; Pierre Pierre Law, P.C.",,Florida,"H3: Primary menu
H1: Florida
H2: Practice Areas
H2: Contact
H3: NEW YORK OFFICE
H3: ILLINOIS
H3: FLORIDA OFFICES
H3: CALIFORNIA OFFICE
H3: CONTACT",content page,"Florida &#8211; Pierre Pierre Law, P.C. Email Phone Menu Home &raquo; Florida Ft. Lauderdale 1451 W Cypress Creek Road Suite 300 Ft. Lauderdale, FL 33309 BY APPOINTMENT ONLY Find Us on Google Phone: (954) 884-5040 Fax: (754) 484-3121 Email: info@pierrepierrelaw.com View Larger Map Directions 200 SE 18th Ct Ft. Lauderdale, FL 33316 Phone: (954) 884-5040 Fax: (754) 484-3121 Email: info@pierrepierrelaw.com View Larger Map Directions Scroll Up AC Denial Sample &times;","Menu
&times;
Find Us on Google
Contact Us
Search","https://www.pierrepierrelaw.com/
https://www.pierrepierrelaw.com/areas-of-practice/
https://www.pierrepierrelaw.com/areas-of-practice/federal-court-appeals/
https://www.pierrepierrelaw.com/areas-of-practice/social-security-disability-supplemental-security-income/
https://www.pierrepierrelaw.com/free-ssdi-ssi-federal-court-appeal-evaluation/
https://www.pierrepierrelaw.com/free-ssdi-ssi-evaluation/
https://www.pierrepierrelaw.com/florida/
https://www.pierrepierrelaw.com/new-york/
https://www.pierrepierrelaw.com/illinois/
https://www.pierrepierrelaw.com/california/","https://www.google.com/maps?cid=16334198047862066350&amp;authuser=4&amp;_ga=2.28509756.1049491630.1622752714-1276733798.1585667737
https://www.google.com/maps?ll=26.20378,-80.163085&amp;z=15&amp;t=m&amp;hl=en-US&amp;gl=US&amp;mapclient=embed&amp;q=1451+W+Cypress+Creek+Rd+%23300+Pompano+Beach,+FL+33069
https://www.google.com/maps/dir//1451+W+Cypress+Creek+Rd+%23300,+Pompano+Beach,+FL+33069/@26.20378,-80.163085,15z/data=!4m9!4m8!1m0!1m5!1m1!1s0x88d903be5ca95685:0xbd5f6c59c86b016f!2m2!1d-80.163085!2d26.2037798!3e0?hl=en-US
https://www.google.com/maps/place/200+SE+18th+Ct,+Fort+Lauderdale,+FL+33316/@26.0980019,-80.1419777,17z/data=!3m1!4b1!4m5!3m4!1s0x88d90063d1feca5d:0xd5017e8a2ec10d35!8m2!3d26.0979971!4d-80.1397836?hl=en-US
https://www.google.com/maps/dir//200+SE+18th+Ct,+Fort+Lauderdale,+FL+33316/@26.0980699,-80.1748891,13z/data=!4m9!4m8!1m0!1m5!1m1!1s0x88d90063d1feca5d:0xd5017e8a2ec10d35!2m2!1d-80.1397836!2d26.0979971!3e0?hl=en-US
https://maps.app.goo.gl/JDLV9fkPpLS4VFNT8
https://www.google.com/maps/place/American+Disability+Advocates,+Inc./@38.6364394,-121.5009136,17z/data=!3m1!4b1!4m5!3m4!1s0x0:0x17f7e35ad67f60ec!8m2!3d38.6364394!4d-121.4987249?authuser=5
https://catchthemes.com/",70,,,OK
https://www.pierrepierrelaw.com/new-york,"New York &#8211; Pierre Pierre Law, P.C.",,New York,"H3: Primary menu
H1: New York
H2: Practice Areas
H2: Contact
H3: NEW YORK OFFICE
H3: ILLINOIS
H3: FLORIDA OFFICES
H3: CALIFORNIA OFFICE
H3: CONTACT",content page,"New York &#8211; Pierre Pierre Law, P.C. Email Phone Menu Home &raquo; New York New York City 15 Park Pl. 2 nd Fl., Ste 4 Bronxville, NY 10708 Find Us on Google Phone: (646) 992-8383 Fax: (718) 504-6962 Email: info@pierrepierrelaw.com View Larger Map Directions Scroll Up AC Denial Sample &times;","Menu
&times;
Find Us on Google
Contact Us
Search","https://www.pierrepierrelaw.com/
https://www.pierrepierrelaw.com/areas-of-practice/
https://www.pierrepierrelaw.com/areas-of-practice/federal-court-appeals/
https://www.pierrepierrelaw.com/areas-of-practice/social-security-disability-supplemental-security-income/
https://www.pierrepierrelaw.com/free-ssdi-ssi-federal-court-appeal-evaluation/
https://www.pierrepierrelaw.com/free-ssdi-ssi-evaluation/
https://www.pierrepierrelaw.com/florida/
https://www.pierrepierrelaw.com/new-york/
https://www.pierrepierrelaw.com/illinois/
https://www.pierrepierrelaw.com/california/","https://maps.app.goo.gl/JDLV9fkPpLS4VFNT8
https://www.google.com/maps/place/211+E+43rd+St+%23608,+New+York,+NY+10017/@40.751266,-73.973158,15z/data=!4m5!3m4!1s0x89c259031fb98cd7:0xc48c5b067a7ff200!8m2!3d40.7512663!4d-73.9731576?hl=en-US
https://www.google.com/maps/dir//211+E+43rd+St+%23608,+New+York,+NY+10017/@40.755844,-74.0022949,14z/data=!4m9!4m8!1m0!1m5!1m1!1s0x89c259031fb98cd7:0xc48c5b067a7ff200!2m2!1d-73.9731576!2d40.7512663!3e0?hl=en-US
https://www.google.com/maps/place/American+Disability+Advocates,+Inc./@38.6364394,-121.5009136,17z/data=!3m1!4b1!4m5!3m4!1s0x0:0x17f7e35ad67f60ec!8m2!3d38.6364394!4d-121.4987249?authuser=5
https://catchthemes.com/",50,,,OK
https://www.pierrepierrelaw.com/illinois,"Illinois &#8211; Pierre Pierre Law, P.C.",,Illinois,"H3: Primary menu
H1: Illinois
H2: Practice Areas
H2: Contact
H3: NEW YORK OFFICE
H3: ILLINOIS
H3: FLORIDA OFFICES
H3: CALIFORNIA OFFICE
H3: CONTACT",content page,"Illinois &#8211; Pierre Pierre Law, P.C. Email Phone Menu Home &raquo; Illinois Chicago 333 South Wabash Avenue Suite 2700 Chicago, IL 60604 Phone: (646) 992-8383 Fax: (718) 504-6962 Email: info@pierrepierrelaw.com View Larger Map Directions Scroll Up AC Denial Sample &times;","Menu
&times;
Find Us on Google
Contact Us
Search","https://www.pierrepierrelaw.com/
https://www.pierrepierrelaw.com/areas-of-practice/
https://www.pierrepierrelaw.com/areas-of-practice/federal-court-appeals/
https://www.pierrepierrelaw.com/areas-of-practice/social-security-disability-supplemental-security-income/
https://www.pierrepierrelaw.com/free-ssdi-ssi-federal-court-appeal-evaluation/
https://www.pierrepierrelaw.com/free-ssdi-ssi-evaluation/
https://www.pierrepierrelaw.com/florida/
https://www.pierrepierrelaw.com/new-york/
https://www.pierrepierrelaw.com/illinois/
https://www.pierrepierrelaw.com/california/","https://www.google.com/maps/place/333+S+Wabash+Ave+%232700,+Chicago,+IL+60604/@41.877431,-87.6278451,17z/data=!3m1!4b1!4m5!3m4!1s0x880e2ca250a39739:0xe2584f2e49b5edce!8m2!3d41.877431!4d-87.6256564
https://www.google.com/maps/dir//333+S+Wabash+Ave+%232700,+Chicago,+IL+60604/@41.877431,-87.6278451,17z/data=!4m17!1m7!3m6!1s0x880e2ca250a39739:0xe2584f2e49b5edce!2s333+S+Wabash+Ave+%232700,+Chicago,+IL+60604!3b1!8m2!3d41.877431!4d-87.6256564!4m8!1m0!1m5!1m1!1s0x880e2ca250a39739:0xe2584f2e49b5edce!2m2!1d-87.6256564!2d41.877431!3e3
https://maps.app.goo.gl/JDLV9fkPpLS4VFNT8
https://www.google.com/maps/place/American+Disability+Advocates,+Inc./@38.6364394,-121.5009136,17z/data=!3m1!4b1!4m5!3m4!1s0x0:0x17f7e35ad67f60ec!8m2!3d38.6364394!4d-121.4987249?authuser=5
https://catchthemes.com/",40,,,OK
https://www.pierrepierrelaw.com/california,"California &#8211; Pierre Pierre Law, P.C.",,California,"H3: Primary menu
H1: California
H2: Practice Areas
H2: Contact
H3: NEW YORK OFFICE
H3: ILLINOIS
H3: FLORIDA OFFICES
H3: CALIFORNIA OFFICE
H3: CONTACT",content page,"California &#8211; Pierre Pierre Law, P.C. Email Phone Menu Home &raquo; California Sacramento 180 Promenade Circle North Suite 300 &#8211; #1147 Sacramento, California 95834 Find Us on Google Phone: (844) 869-1138 Email: info@pierrepierrelaw.com View Larger Map Directions Scroll Up AC Denial Sample &times;","Menu
&times;
Find Us on Google
Contact Us
Search","https://www.pierrepierrelaw.com/
https://www.pierrepierrelaw.com/areas-of-practice/
https://www.pierrepierrelaw.com/areas-of-practice/federal-court-appeals/
https://www.pierrepierrelaw.com/areas-of-practice/social-security-disability-supplemental-security-income/
https://www.pierrepierrelaw.com/free-ssdi-ssi-federal-court-appeal-evaluation/
https://www.pierrepierrelaw.com/free-ssdi-ssi-evaluation/
https://www.pierrepierrelaw.com/florida/
https://www.pierrepierrelaw.com/new-york/
https://www.pierrepierrelaw.com/illinois/
https://www.pierrepierrelaw.com/california/","https://www.google.com/maps/place/American+Disability+Advocates,+Inc./@38.6364394,-121.5009136,17z/data=!3m1!4b1!4m5!3m4!1s0x0:0x17f7e35ad67f60ec!8m2!3d38.6364394!4d-121.4987249?authuser=5
https://www.google.com/maps/place/211+E+43rd+St+%23608,+New+York,+NY+10017/@40.751266,-73.973158,15z/data=!4m5!3m4!1s0x89c259031fb98cd7:0xc48c5b067a7ff200!8m2!3d40.7512663!4d-73.9731576?hl=en-US
https://www.google.com/maps/dir//211+E+43rd+St+%23608,+New+York,+NY+10017/@40.755844,-74.0022949,14z/data=!4m9!4m8!1m0!1m5!1m1!1s0x89c259031fb98cd7:0xc48c5b067a7ff200!2m2!1d-73.9731576!2d40.7512663!3e0?hl=en-US
https://maps.app.goo.gl/JDLV9fkPpLS4VFNT8
https://catchthemes.com/",43,,,OK
https://www.pierrepierrelaw.com/free-case-evaluation-home,"FREE Case Evaluation! &#8211; Pierre Pierre Law, P.C.",,FREE Case Evaluation!,"H3: Primary menu
H1: FREE Case Evaluation!
H2: Practice Areas
H2: Contact
H3: NEW YORK OFFICE
H3: ILLINOIS
H3: FLORIDA OFFICES
H3: CALIFORNIA OFFICE
H3: CONTACT",content page,"FREE Case Evaluation! &#8211; Pierre Pierre Law, P.C. Email Phone Menu Home &raquo; FREE Case Evaluation! Click the button below or call us at (646) 992-8383 for a FREE Case Evaluation. Hablamos Español. FREE Case Evaluation Call (646) 992-8383 Scroll Up AC Denial Sample &times;","Menu
&times;
FREE Case Evaluation
Call (646) 992-8383
Find Us on Google
Contact Us
Search","https://www.pierrepierrelaw.com/
https://www.pierrepierrelaw.com/areas-of-practice/
https://www.pierrepierrelaw.com/areas-of-practice/federal-court-appeals/
https://www.pierrepierrelaw.com/areas-of-practice/social-security-disability-supplemental-security-income/
https://www.pierrepierrelaw.com/free-ssdi-ssi-federal-court-appeal-evaluation/
https://www.pierrepierrelaw.com/free-ssdi-ssi-evaluation/
https://www.pierrepierrelaw.com/florida/
https://www.pierrepierrelaw.com/new-york/
https://www.pierrepierrelaw.com/illinois/
https://www.pierrepierrelaw.com/california/","https://maps.app.goo.gl/JDLV9fkPpLS4VFNT8
https://www.google.com/maps/place/American+Disability+Advocates,+Inc./@38.6364394,-121.5009136,17z/data=!3m1!4b1!4m5!3m4!1s0x0:0x17f7e35ad67f60ec!8m2!3d38.6364394!4d-121.4987249?authuser=5
https://catchthemes.com/",45,,,OK
https://www.pierrepierrelaw.com/areas-of-practice/personal-injury,,,,,,,,,,0,,,HTTP 404